[
	{
		"order": 1,
		"stock_code": "601398",
		"stock_name": "O3",
		"market_capitalization": 55.52
	},
	{
		"order": 2,
		"stock_code": "601857",
		"stock_name": "PM10",
		"market_capitalization": 21.64
	},
	{
		"order": 3,
		"stock_code": "601288",
		"stock_name": "PM2.5",
		"market_capitalization": 11.16
	},
	{
		"order": 4,
		"stock_code": "601988",
		"stock_name": "NO2",
		"market_capitalization": 8.1
	},
	{
		"order": 5,
		"stock_code": "601318",
		"stock_name": "SO2",
		"market_capitalization": 3.15
	},
	{
		"order": 6,
		"stock_code": "600519",
		"stock_name": "CO",
		"market_capitalization": 0.37
	}
]